lexeme,frequency,example_verse,english_gloss,clare_pronunciation,notes
e,45342,GEN 1:1,,,
na,33975,GEN 1:1,,,
ai,23244,GEN 1:1,,,
bona,22162,GEN 1:1,,,
ese,19445,GEN 1:1,,,
ena,12950,GEN 1:24,,,
taudia,11800,GEN 3:20,,,
bena,11432,GEN 1:2,,,
ia,8939,GEN 1:26,,,
ta,8141,GEN 1:6,,,
a,7880,GEN 1:29,,,
vada,7739,GEN 1:2,,,
baine,7666,GEN 1:6,,,
amo,7632,GEN 2:6,,,
ba,7567,GEN 1:22,,,
be,7083,GEN 2:3,,,
iehova,6936,GEN 2:4,,,
bae,6503,GEN 1:14,,,
tauna,5957,GEN 2:5,,,
eto,5581,GEN 1:3,,,
edia,5567,GEN 1:10,,,
kara,4928,GEN 1:16,,,
iboudiai,4768,GEN 1:21,,,
badina,4534,GEN 2:3,,,
idia,4122,GEN 2:25,,,
dirava,4105,GEN 1:1,,,
lau,4070,GEN 1:26,,,
mai,3905,GEN 1:11,,,
o,3662,GEN 3:11,,,
danu,3639,GEN 1:2,,,
baina,3460,GEN 3:15,,,
henia,3249,GEN 3:2,,,
ida,3240,GEN 2:25,,,
hereva,3077,GEN 2:23,,,
egu,2997,GEN 4:13,,,
ela,2915,GEN 2:10,,,
una,2870,GEN 1:8,,,
emu,2839,GEN 2:16,,,
oi,2810,GEN 2:17,,,
israel,2708,GEN 32:28,,,
hanua,2624,GEN 4:17,,,
natuna,2564,GEN 4:17,,,
mase,2386,GEN 2:17,,,
negana,2372,GEN 1:1,,,
tano,2344,GEN 1:9,,,
raka,2187,GEN 4:16,,,
ḡaudia,2116,GEN 1:20,,,
dainai,2082,GEN 2:23,,,
henidia,2065,GEN 1:30,,,
dina,2041,GEN 1:5,,,
asi,2002,GEN 1:2,,,
ma,1988,GEN 1:6,,,
pavapavana,1948,GEN 14:2,,,
emui,1941,GEN 9:5,,,
dika,1925,GEN 2:9,,,
ina,1886,GEN 2:23,,,
unu,1876,GEN 1:7,,,
taunimanima,1854,GEN 1:26,,,
taunabunai,1791,GEN 2:20,,,
tau,1760,GEN 2:15,,,
abia,1690,GEN 2:15,,,
mauri,1635,GEN 1:20,,,
eiava,1634,GEN 8:8,,,
ḡauna,1617,GEN 3:6,,,
umui,1599,GEN 3:1,,,
itaia,1593,GEN 1:4,,,
hari,1573,GEN 2:15,,,
basio,1561,GEN 2:17,,,
heḡereḡerena,1544,GEN 2:16,,,
kau,1544,GEN 6:13,,,
ḡau,1535,GEN 1:6,,,
bema,1532,GEN 4:15,,,
lou,1526,GEN 3:19,,,
kamonai,1521,GEN 3:8,,,
lasi,1506,GEN 2:21,,,
toma,1494,GEN 1:7,,,
se,1464,GEN 2:5,,,
ini,1425,GEN 6:15,,,
basine,1395,GEN 4:12,,,
heto,1383,GEN 2:23,,,
lao,1357,GEN 8:9,,,
to,1341,GEN 2:25,,,
tuari,1324,GEN 14:2,,,
hesiai,1311,GEN 9:25,,,
ruma,1280,GEN 7:1,,,
iesu,1254,MAT 1:1,,,
kahana,1251,GEN 2:8,,,
bese,1234,GEN 1:24,,,
diba,1233,GEN 2:19,,,
idoinai,1231,GEN 1:26,,,
gwau,1212,GEN 3:13,,,
dae,1192,GEN 1:22,,,
iuda,1172,GEN 29:35,,,
lalonai,1163,GEN 3:8,,,
diho,1130,GEN 2:2,,,
do,1119,GEN 2:5,,,
namo,1114,GEN 1:4,,,
david,1110,RUT 4:17,,,
asie,1099,GEN 2:25,,,
tanobada,1079,GEN 1:1,,,
noho,1077,GEN 2:8,,,
totona,1073,GEN 1:17,,,
ladana,1072,GEN 1:5,,,
oho,1065,GEN 4:14,,,
gabuna,1009,GEN 2:21,,,
nega,1003,GEN 4:3,,,
isi,1002,GEN 12:5,,,
dubu,1001,GEN 31:54,,,
tore,995,GEN 12:5,,,
tanona,977,GEN 2:11,,,
haida,972,GEN 10:21,,,
hahelaḡa,969,GEN 14:18,,,
vairanai,962,GEN 2:19,,,
dia,961,GEN 2:18,,,
dahaka,920,GEN 3:13,,,
karaia,885,GEN 1:7,,,
haere,872,GEN 3:2,,,
tamona,867,GEN 1:9,,,
karadia,865,GEN 1:1,,,
mose,856,EXO 2:10,,,
herevadia,849,GEN 2:4,,,
ierusalem,845,JOS 10:1,,,
mo,842,GEN 2:17,,,
gabu,839,GEN 1:9,,,
tao,837,GEN 8:1,,,
basie,828,GEN 8:22,,,
tomamu,820,GEN 12:12,,,
diravana,816,GEN 14:19,,,
ura,795,GEN 2:16,,,
hebou,790,GEN 3:7,,,
taravatu,782,GEN 9:9,,,
hamaoroa,780,GEN 3:4,,,
lohia,760,GEN 10:8,,,
helaḡa,754,EXO 13:12,,,
vareai,748,GEN 6:19,,,
imana,747,GEN 3:22,,,
aigupto,745,GEN 12:9,,,
guba,741,GEN 1:1,,,
mamoe,730,GEN 4:2,,,
vara,712,GEN 1:3,,,
badana,700,GEN 1:16,,,
gini,696,GEN 6:1,,,
hahine,693,GEN 1:27,,,
hahemaoro,688,GEN 15:14,,,
dala,683,GEN 18:5,,,
maoromaoro,679,GEN 6:9,,,
enai,672,GEN 4:15,,,
orea,667,GEN 14:15,,,
abi,666,GEN 11:3,,,
tomu,665,GEN 4:24,,,
bada,665,GEN 6:5,,,
henigu,652,GEN 3:12,,,
unuseni,648,GEN 2:8,,,
lalodiai,647,GEN 6:3,,,
idau-idau,643,GEN 1:11,,,
ita,641,GEN 13:8,,,
helaḡana,638,GEN 12:6,,,
ema,634,GEN 14:7,,,
pavapava,631,GEN 14:11,,,
dabua,627,GEN 4:20,,,
lohiabada,610,NUM 25:3,,,
heni,607,GEN 9:26,,,
harihari,593,GEN 4:11,,,
peroveta,591,GEN 20:7,,,
anina,590,GEN 1:2,,,
abidia,589,GEN 8:20,,,
aniani,588,GEN 1:29,,,
badu,588,GEN 4:5,,,
momokani,584,GEN 3:1,,,
hahinena,576,GEN 3:12,,,
ranu,574,GEN 1:6,,,
keriso,573,MAT 1:1,,,
daika,570,GEN 3:11,,,
gwauraia,568,GEN 15:6,,,
ani,567,GEN 2:2,,,
lalona,561,GEN 3:23,,,
laḡani,559,GEN 1:14,,,
boromakau,559,GEN 1:24,,,
ede,549,GEN 2:19,,,
heniamu,547,GEN 22:2,,,
lalodia,546,GEN 8:1,,,
ḡaukara,545,GEN 2:2,,,
garina,544,GEN 3:3,,,
gabudia,543,GEN 8:2,,,
boma,538,GEN 4:7,,,
baita,533,GEN 5:29,,,
herea,529,GEN 4:13,,,
latanai,527,GEN 8:20,,,
baia,524,GEN 3:2,,,
daidiai,524,GEN 6:13,,,
henimu,521,GEN 4:12,,,
emai,515,GEN 23:6,,,
gold,512,GEN 2:11,,,
dekena,512,GEN 2:22,,,
tamana,510,GEN 2:24,,,
nohova,508,GEN 4:8,,,
gwaurai,508,GEN 27:37,,,
mamaruanedia,507,GEN 5:4,,,
ore,503,GEN 5:22,,,
taumui,502,GEN 18:5,,,
